LdSpp,eco_boundary,AIDBSPP,0,5,10,15,20,25,30,35,40,45,50,55,60,65,70,75,80,85,90,95,100
Nope,Hudson Plains,Not stocked,0,0.0,0.0,0.0,0.0,0.0,0.0,0.0,0.0,0.0,0.0,0.0,0.0,0.0,0.0,0.0,0.0,0.0,0.0,0.0,0.0
Amabilis fir,Hudson Plains,Amabilis fir,0,0.0,0.0,0.0001,0.0034,0.0318,0.141,0.4085,0.9073,1.6877,2.7729,4.1626,5.8396,7.7766,9.9409,12.2981,14.815,17.4603,20.2057,23.0261,25.8996
Balsam fir,Hudson Plains,Balsam fir,0,0.0,0.0253,0.5069,2.2672,5.5697,10.1405,15.5574,21.446,27.5279,33.6137,39.581,45.3555,50.8948,56.1782,61.1989,65.9586,70.465,74.7284,78.7613,82.5766
Subalpine fir (or alpine fir),Hudson Plains,Subalpine fir (or alpine fir),0,0.0,0.0253,0.5069,2.2672,5.5697,10.1405,15.5574,21.446,27.5279,33.6137,39.581,45.3555,50.8948,56.1782,61.1989,65.9586,70.465,74.7284,78.7613,82.5766
Bigleaf maple,Hudson Plains,Bigleaf maple,0,0.0154,2.9887,17.2915,41.5915,70.4221,100.0411,128.5538,155.1547,179.5948,201.891,222.1772,240.631,257.438,272.7752,286.8047,299.6712,311.5024,322.4107,332.4941,341.8385
Red maple,Hudson Plains,Red maple,0,0.0154,2.9887,17.2915,41.5915,70.4221,100.0411,128.5538,155.1547,179.5948,201.891,222.1772,240.631,257.438,272.7752,286.8047,299.6712,311.5024,322.4107,332.4941,341.8385
Sugar maple,Hudson Plains,Sugar maple,0,0.0154,2.9887,17.2915,41.5915,70.4221,100.0411,128.5538,155.1547,179.5948,201.891,222.1772,240.631,257.438,272.7752,286.8047,299.6712,311.5024,322.4107,332.4941,341.8385
Alder,Hudson Plains,Alder,0,0.0154,2.9887,17.2915,41.5915,70.4221,100.0411,128.5538,155.1547,179.5948,201.891,222.1772,240.631,257.438,272.7752,286.8047,299.6712,311.5024,322.4107,332.4941,341.8385
Red alder,Hudson Plains,Red alder,0,0.0154,2.9887,17.2915,41.5915,70.4221,100.0411,128.5538,155.1547,179.5948,201.891,222.1772,240.631,257.438,272.7752,286.8047,299.6712,311.5024,322.4107,332.4941,341.8385
Yellow birch,Hudson Plains,Yellow birch,0,0.0154,2.9887,17.2915,41.5915,70.4221,100.0411,128.5538,155.1547,179.5948,201.891,222.1772,240.631,257.438,272.7752,286.8047,299.6712,311.5024,322.4107,332.4941,341.8385
White birch,Hudson Plains,White birch,0,0.0055,1.941,13.6775,36.3074,65.2213,96.3796,127.3869,157.0289,184.7755,210.4633,234.1153,255.8434,275.7965,294.1332,311.0084,326.5664,340.9392,354.2452,366.5901,378.068
Cedar,Hudson Plains,Cedar,0,0.0,0.0,0.0001,0.0034,0.0318,0.141,0.4085,0.9073,1.6877,2.7729,4.1626,5.8396,7.7766,9.9409,12.2981,14.815,17.4603,20.2057,23.0261,25.8996
Black ash,Hudson Plains,Black ash,0,0.0154,2.9887,17.2915,41.5915,70.4221,100.0411,128.5538,155.1547,179.5948,201.891,222.1772,240.631,257.438,272.7752,286.8047,299.6712,311.5024,322.4107,332.4941,341.8385
Tamarack,Hudson Plains,Tamarack,0,0.0154,2.9887,17.2915,41.5915,70.4221,100.0411,128.5538,155.1547,179.5948,201.891,222.1772,240.631,257.438,272.7752,286.8047,299.6712,311.5024,322.4107,332.4941,341.8385
Western larch,Hudson Plains,Western larch,0,0.0154,2.9887,17.2915,41.5915,70.4221,100.0411,128.5538,155.1547,179.5948,201.891,222.1772,240.631,257.438,272.7752,286.8047,299.6712,311.5024,322.4107,332.4941,341.8385
Norway spruce,Hudson Plains,Norway spruce,0,0.0149,2.2588,12.0395,27.7954,45.9189,64.1708,81.4996,97.5033,112.0934,125.3224,137.2993,148.15,157.9984,166.9593,175.1356,182.6176,189.4843,195.8046,201.6381,207.0366
Engelmann spruce,Hudson Plains,Engelmann spruce,0,0.0149,2.2588,12.0395,27.7954,45.9189,64.1708,81.4996,97.5033,112.0934,125.3224,137.2993,148.15,157.9984,166.9593,175.1356,182.6176,189.4843,195.8046,201.6381,207.0366
White spruce,Hudson Plains,White spruce,0,0.0149,2.2588,12.0395,27.7954,45.9189,64.1708,81.4996,97.5033,112.0934,125.3224,137.2993,148.15,157.9984,166.9593,175.1356,182.6176,189.4843,195.8046,201.6381,207.0366
Black spruce,Hudson Plains,Black spruce,0,0.0149,2.2588,12.0395,27.7954,45.9189,64.1708,81.4996,97.5033,112.0934,125.3224,137.2993,148.15,157.9984,166.9593,175.1356,182.6176,189.4843,195.8046,201.6381,207.0366
Red spruce,Hudson Plains,Red spruce,0,0.0149,2.2588,12.0395,27.7954,45.9189,64.1708,81.4996,97.5033,112.0934,125.3224,137.2993,148.15,157.9984,166.9593,175.1356,182.6176,189.4843,195.8046,201.6381,207.0366
Sitka spruce,Hudson Plains,Sitka spruce,0,0.0149,2.2588,12.0395,27.7954,45.9189,64.1708,81.4996,97.5033,112.0934,125.3224,137.2993,148.15,157.9984,166.9593,175.1356,182.6176,189.4843,195.8046,201.6381,207.0366
Whitebark pine,Hudson Plains,Whitebark pine,0,0.0002,0.2473,2.7506,9.1734,18.8969,30.5935,43.1605,55.8701,68.2908,80.1879,91.448,102.0302,111.9353,121.1873,129.822,137.8807,145.4056,152.4386,159.0191,165.1841
Jack pine,Hudson Plains,Jack pine,0,0.0002,0.2473,2.7506,9.1734,18.8969,30.5935,43.1605,55.8701,68.2908,80.1879,91.448,102.0302,111.9353,121.1873,129.822,137.8807,145.4056,152.4386,159.0191,165.1841
Lodgepole pine,Hudson Plains,Lodgepole pine,0,0.0002,0.2473,2.7506,9.1734,18.8969,30.5935,43.1605,55.8701,68.2908,80.1879,91.448,102.0302,111.9353,121.1873,129.822,137.8807,145.4056,152.4386,159.0191,165.1841
Ponderosa pine,Hudson Plains,Ponderosa pine,0,0.0002,0.2473,2.7506,9.1734,18.8969,30.5935,43.1605,55.8701,68.2908,80.1879,91.448,102.0302,111.9353,121.1873,129.822,137.8807,145.4056,152.4386,159.0191,165.1841
Red pine,Hudson Plains,Red pine,0,0.0002,0.2473,2.7506,9.1734,18.8969,30.5935,43.1605,55.8701,68.2908,80.1879,91.448,102.0302,111.9353,121.1873,129.822,137.8807,145.4056,152.4386,159.0191,165.1841
Eastern white pine,Hudson Plains,Eastern white pine,0,0.0002,0.2473,2.7506,9.1734,18.8969,30.5935,43.1605,55.8701,68.2908,80.1879,91.448,102.0302,111.9353,121.1873,129.822,137.8807,145.4056,152.4386,159.0191,165.1841
Balsam poplar,Hudson Plains,Balsam poplar,0,0.0055,1.941,13.6775,36.3074,65.2213,96.3796,127.3869,157.0289,184.7755,210.4633,234.1153,255.8434,275.7965,294.1332,311.0084,326.5664,340.9392,354.2452,366.5901,378.068
Largetooth aspen,Hudson Plains,Largetooth aspen,0,0.0055,1.941,13.6775,36.3074,65.2213,96.3796,127.3869,157.0289,184.7755,210.4633,234.1153,255.8434,275.7965,294.1332,311.0084,326.5664,340.9392,354.2452,366.5901,378.068
Trembling aspen,Hudson Plains,Trembling aspen,0,0.0055,1.941,13.6775,36.3074,65.2213,96.3796,127.3869,157.0289,184.7755,210.4633,234.1153,255.8434,275.7965,294.1332,311.0084,326.5664,340.9392,354.2452,366.5901,378.068
Douglas-fir - Genus type,Hudson Plains,Douglas-fir - Genus type,0,0.0,0.0,0.0001,0.0034,0.0318,0.141,0.4085,0.9073,1.6877,2.7729,4.1626,5.8396,7.7766,9.9409,12.2981,14.815,17.4603,20.2057,23.0261,25.8996
Red oak,Hudson Plains,Red oak,0,0.0154,2.9887,17.2915,41.5915,70.4221,100.0411,128.5538,155.1547,179.5948,201.891,222.1772,240.631,257.438,272.7752,286.8047,299.6712,311.5024,322.4107,332.4941,341.8385
Eastern white-cedar,Hudson Plains,Eastern white-cedar,0,0.0,0.0,0.0001,0.0034,0.0318,0.141,0.4085,0.9073,1.6877,2.7729,4.1626,5.8396,7.7766,9.9409,12.2981,14.815,17.4603,20.2057,23.0261,25.8996
Western redcedar,Hudson Plains,Western redcedar,0,0.0,0.0,0.0001,0.0034,0.0318,0.141,0.4085,0.9073,1.6877,2.7729,4.1626,5.8396,7.7766,9.9409,12.2981,14.815,17.4603,20.2057,23.0261,25.8996
Eastern hemlock,Hudson Plains,Eastern hemlock,0,0.0,0.0,0.0001,0.0034,0.0318,0.141,0.4085,0.9073,1.6877,2.7729,4.1626,5.8396,7.7766,9.9409,12.2981,14.815,17.4603,20.2057,23.0261,25.8996
Western hemlock,Hudson Plains,Western hemlock,0,0.0,0.0,0.0001,0.0034,0.0318,0.141,0.4085,0.9073,1.6877,2.7729,4.1626,5.8396,7.7766,9.9409,12.2981,14.815,17.4603,20.2057,23.0261,25.8996
Mountain hemlock,Hudson Plains,Mountain hemlock,0,0.0,0.0,0.0001,0.0034,0.0318,0.141,0.4085,0.9073,1.6877,2.7729,4.1626,5.8396,7.7766,9.9409,12.2981,14.815,17.4603,20.2057,23.0261,25.8996
White elm,Hudson Plains,White elm,0,0.0154,2.9887,17.2915,41.5915,70.4221,100.0411,128.5538,155.1547,179.5948,201.891,222.1772,240.631,257.438,272.7752,286.8047,299.6712,311.5024,322.4107,332.4941,341.8385
Nope,Taiga Shield West,Not stocked,0,0.0,0.0,0.0,0.0,0.0,0.0,0.0,0.0,0.0,0.0,0.0,0.0,0.0,0.0,0.0,0.0,0.0,0.0,0.0,0.0
Amabilis fir,Taiga Shield West,Amabilis fir,0,0.0,0.0,0.0,0.0005,0.0066,0.037,0.1271,0.3208,0.6592,1.1726,1.8786,2.7822,3.879,5.1573,6.6014,8.193,9.9133,11.7435,13.6656,15.6631
Balsam fir,Taiga Shield West,Balsam fir,0,0.0,0.0079,0.2275,1.2187,3.3358,6.5273,10.5433,15.1063,19.9817,24.9927,30.014,34.9609,39.7784,44.4328,48.9049,53.1857,57.273,61.1691,64.8792,68.4104
Subalpine fir (or alpine fir),Taiga Shield West,Subalpine fir (or alpine fir),0,0.0,0.0079,0.2275,1.2187,3.3358,6.5273,10.5433,15.1063,19.9817,24.9927,30.014,34.9609,39.7784,44.4328,48.9049,53.1857,57.273,61.1691,64.8792,68.4104
Bigleaf maple,Taiga Shield West,Bigleaf maple,0,0.0077,2.2201,14.6778,37.7401,66.5101,97.0385,127.0946,155.6017,182.1257,206.5649,228.9809,249.5082,268.3083,285.5461,301.3789,315.9512,329.393,341.8207,353.3371,364.0333
Red maple,Taiga Shield West,Red maple,0,0.0077,2.2201,14.6778,37.7401,66.5101,97.0385,127.0946,155.6017,182.1257,206.5649,228.9809,249.5082,268.3083,285.5461,301.3789,315.9512,329.393,341.8207,353.3371,364.0333
Sugar maple,Taiga Shield West,Sugar maple,0,0.0077,2.2201,14.6778,37.7401,66.5101,97.0385,127.0946,155.6017,182.1257,206.5649,228.9809,249.5082,268.3083,285.5461,301.3789,315.9512,329.393,341.8207,353.3371,364.0333
Alder,Taiga Shield West,Alder,0,0.0077,2.2201,14.6778,37.7401,66.5101,97.0385,127.0946,155.6017,182.1257,206.5649,228.9809,249.5082,268.3083,285.5461,301.3789,315.9512,329.393,341.8207,353.3371,364.0333
Red alder,Taiga Shield West,Red alder,0,0.0077,2.2201,14.6778,37.7401,66.5101,97.0385,127.0946,155.6017,182.1257,206.5649,228.9809,249.5082,268.3083,285.5461,301.3789,315.9512,329.393,341.8207,353.3371,364.0333
Yellow birch,Taiga Shield West,Yellow birch,0,0.0077,2.2201,14.6778,37.7401,66.5101,97.0385,127.0946,155.6017,182.1257,206.5649,228.9809,249.5082,268.3083,285.5461,301.3789,315.9512,329.393,341.8207,353.3371,364.0333
White birch,Taiga Shield West,White birch,0,0.0038,1.6467,12.4455,34.215,62.7681,94.0635,125.5764,155.9637,184.5968,211.2442,235.8838,258.5984,279.5186,298.7922,316.5678,332.9867,348.1798,362.2658,375.3514,387.5321
Cedar,Taiga Shield West,Cedar,0,0.0,0.0,0.0,0.0005,0.0066,0.037,0.1271,0.3208,0.6592,1.1726,1.8786,2.7822,3.879,5.1573,6.6014,8.193,9.9133,11.7435,13.6656,15.6631
Black ash,Taiga Shield West,Black ash,0,0.0077,2.2201,14.6778,37.7401,66.5101,97.0385,127.0946,155.6017,182.1257,206.5649,228.9809,249.5082,268.3083,285.5461,301.3789,315.9512,329.393,341.8207,353.3371,364.0333
Tamarack,Taiga Shield West,Tamarack,0,0.0077,2.2201,14.6778,37.7401,66.5101,97.0385,127.0946,155.6017,182.1257,206.5649,228.9809,249.5082,268.3083,285.5461,301.3789,315.9512,329.393,341.8207,353.3371,364.0333
Western larch,Taiga Shield West,Western larch,0,0.0077,2.2201,14.6778,37.7401,66.5101,97.0385,127.0946,155.6017,182.1257,206.5649,228.9809,249.5082,268.3083,285.5461,301.3789,315.9512,329.393,341.8207,353.3371,364.0333
Norway spruce,Taiga Shield West,Norway spruce,0,0.0001,0.2118,2.4088,8.1241,16.8487,27.4006,38.7805,50.3214,61.624,72.4682,82.7457,92.4154,101.4748,109.9437,117.8531,125.2391,132.1397,138.5922,144.632,150.2926
Engelmann spruce,Taiga Shield West,Engelmann spruce,0,0.0001,0.2118,2.4088,8.1241,16.8487,27.4006,38.7805,50.3214,61.624,72.4682,82.7457,92.4154,101.4748,109.9437,117.8531,125.2391,132.1397,138.5922,144.632,150.2926
White spruce,Taiga Shield West,White spruce,0,0.0001,0.2118,2.4088,8.1241,16.8487,27.4006,38.7805,50.3214,61.624,72.4682,82.7457,92.4154,101.4748,109.9437,117.8531,125.2391,132.1397,138.5922,144.632,150.2926
Black spruce,Taiga Shield West,Black spruce,0,0.0001,0.2118,2.4088,8.1241,16.8487,27.4006,38.7805,50.3214,61.624,72.4682,82.7457,92.4154,101.4748,109.9437,117.8531,125.2391,132.1397,138.5922,144.632,150.2926
Red spruce,Taiga Shield West,Red spruce,0,0.0001,0.2118,2.4088,8.1241,16.8487,27.4006,38.7805,50.3214,61.624,72.4682,82.7457,92.4154,101.4748,109.9437,117.8531,125.2391,132.1397,138.5922,144.632,150.2926
Sitka spruce,Taiga Shield West,Sitka spruce,0,0.0001,0.2118,2.4088,8.1241,16.8487,27.4006,38.7805,50.3214,61.624,72.4682,82.7457,92.4154,101.4748,109.9437,117.8531,125.2391,132.1397,138.5922,144.632,150.2926
Whitebark pine,Taiga Shield West,Whitebark pine,0,0.0,0.0901,1.3032,4.9565,11.0477,18.851,27.6117,36.763,45.9308,54.8855,63.4962,71.695,79.4541,86.7697,93.6526,100.1216,106.1996,111.9113,117.2817,122.3351
Jack pine,Taiga Shield West,Jack pine,0,0.0,0.0901,1.3032,4.9565,11.0477,18.851,27.6117,36.763,45.9308,54.8855,63.4962,71.695,79.4541,86.7697,93.6526,100.1216,106.1996,111.9113,117.2817,122.3351
Lodgepole pine,Taiga Shield West,Lodgepole pine,0,0.0,0.0901,1.3032,4.9565,11.0477,18.851,27.6117,36.763,45.9308,54.8855,63.4962,71.695,79.4541,86.7697,93.6526,100.1216,106.1996,111.9113,117.2817,122.3351
Ponderosa pine,Taiga Shield West,Ponderosa pine,0,0.0,0.0901,1.3032,4.9565,11.0477,18.851,27.6117,36.763,45.9308,54.8855,63.4962,71.695,79.4541,86.7697,93.6526,100.1216,106.1996,111.9113,117.2817,122.3351
Red pine,Taiga Shield West,Red pine,0,0.0,0.0901,1.3032,4.9565,11.0477,18.851,27.6117,36.763,45.9308,54.8855,63.4962,71.695,79.4541,86.7697,93.6526,100.1216,106.1996,111.9113,117.2817,122.3351
Eastern white pine,Taiga Shield West,Eastern white pine,0,0.0,0.0901,1.3032,4.9565,11.0477,18.851,27.6117,36.763,45.9308,54.8855,63.4962,71.695,79.4541,86.7697,93.6526,100.1216,106.1996,111.9113,117.2817,122.3351
Balsam poplar,Taiga Shield West,Balsam poplar,0,0.0038,1.6467,12.4455,34.215,62.7681,94.0635,125.5764,155.9637,184.5968,211.2442,235.8838,258.5984,279.5186,298.7922,316.5678,332.9867,348.1798,362.2658,375.3514,387.5321
Largetooth aspen,Taiga Shield West,Largetooth aspen,0,0.0038,1.6467,12.4455,34.215,62.7681,94.0635,125.5764,155.9637,184.5968,211.2442,235.8838,258.5984,279.5186,298.7922,316.5678,332.9867,348.1798,362.2658,375.3514,387.5321
Trembling aspen,Taiga Shield West,Trembling aspen,0,0.0038,1.6467,12.4455,34.215,62.7681,94.0635,125.5764,155.9637,184.5968,211.2442,235.8838,258.5984,279.5186,298.7922,316.5678,332.9867,348.1798,362.2658,375.3514,387.5321
Douglas-fir - Genus type,Taiga Shield West,Douglas-fir - Genus type,0,0.0,0.0,0.0,0.0005,0.0066,0.037,0.1271,0.3208,0.6592,1.1726,1.8786,2.7822,3.879,5.1573,6.6014,8.193,9.9133,11.7435,13.6656,15.6631
Red oak,Taiga Shield West,Red oak,0,0.0077,2.2201,14.6778,37.7401,66.5101,97.0385,127.0946,155.6017,182.1257,206.5649,228.9809,249.5082,268.3083,285.5461,301.3789,315.9512,329.393,341.8207,353.3371,364.0333
Eastern white-cedar,Taiga Shield West,Eastern white-cedar,0,0.0,0.0,0.0,0.0005,0.0066,0.037,0.1271,0.3208,0.6592,1.1726,1.8786,2.7822,3.879,5.1573,6.6014,8.193,9.9133,11.7435,13.6656,15.6631
Western redcedar,Taiga Shield West,Western redcedar,0,0.0,0.0,0.0,0.0005,0.0066,0.037,0.1271,0.3208,0.6592,1.1726,1.8786,2.7822,3.879,5.1573,6.6014,8.193,9.9133,11.7435,13.6656,15.6631
Eastern hemlock,Taiga Shield West,Eastern hemlock,0,0.0,0.0,0.0,0.0005,0.0066,0.037,0.1271,0.3208,0.6592,1.1726,1.8786,2.7822,3.879,5.1573,6.6014,8.193,9.9133,11.7435,13.6656,15.6631
Western hemlock,Taiga Shield West,Western hemlock,0,0.0,0.0,0.0,0.0005,0.0066,0.037,0.1271,0.3208,0.6592,1.1726,1.8786,2.7822,3.879,5.1573,6.6014,8.193,9.9133,11.7435,13.6656,15.6631
Mountain hemlock,Taiga Shield West,Mountain hemlock,0,0.0,0.0,0.0,0.0005,0.0066,0.037,0.1271,0.3208,0.6592,1.1726,1.8786,2.7822,3.879,5.1573,6.6014,8.193,9.9133,11.7435,13.6656,15.6631
White elm,Taiga Shield West,White elm,0,0.0077,2.2201,14.6778,37.7401,66.5101,97.0385,127.0946,155.6017,182.1257,206.5649,228.9809,249.5082,268.3083,285.5461,301.3789,315.9512,329.393,341.8207,353.3371,364.0333
Nope,Taiga Plains,Not stocked,0,0.0,0.0,0.0,0.0,0.0,0.0,0.0,0.0,0.0,0.0,0.0,0.0,0.0,0.0,0.0,0.0,0.0,0.0,0.0,0.0
Amabilis fir,Taiga Plains,Amabilis fir,0,0.0,0.0,0.0,0.0004,0.0054,0.0314,0.1103,0.2827,0.5879,1.0561,1.7056,2.5429,3.5654,4.7634,6.1228,7.627,9.2584,10.9992,12.8325,14.7424
Balsam fir,Taiga Plains,Balsam fir,0,0.0,0.0068,0.2043,1.1186,3.1028,6.1256,9.9574,14.3348,19.0315,23.8747,28.7408,33.5455,38.2332,42.7693,47.1336,51.3163,55.314,59.1283,62.7635,66.2259
Subalpine fir (or alpine fir),Taiga Plains,Subalpine fir (or alpine fir),0,0.0,0.0068,0.2043,1.1186,3.1028,6.1256,9.9574,14.3348,19.0315,23.8747,28.7408,33.5455,38.2332,42.7693,47.1336,51.3163,55.314,59.1283,62.7635,66.2259
Bigleaf maple,Taiga Plains,Bigleaf maple,0,0.0071,2.1661,14.5575,37.7393,66.8372,97.8365,128.4407,157.5266,184.6312,209.636,232.5935,253.6339,272.9171,290.6084,306.8658,321.8354,335.6492,348.425,360.2677,371.2699
Red maple,Taiga Plains,Red maple,0,0.0071,2.1661,14.5575,37.7393,66.8372,97.8365,128.4407,157.5266,184.6312,209.636,232.5935,253.6339,272.9171,290.6084,306.8658,321.8354,335.6492,348.425,360.2677,371.2699
Sugar maple,Taiga Plains,Sugar maple,0,0.0071,2.1661,14.5575,37.7393,66.8372,97.8365,128.4407,157.5266,184.6312,209.636,232.5935,253.6339,272.9171,290.6084,306.8658,321.8354,335.6492,348.425,360.2677,371.2699
Alder,Taiga Plains,Alder,0,0.0071,2.1661,14.5575,37.7393,66.8372,97.8365,128.4407,157.5266,184.6312,209.636,232.5935,253.6339,272.9171,290.6084,306.8658,321.8354,335.6492,348.425,360.2677,371.2699
Red alder,Taiga Plains,Red alder,0,0.0071,2.1661,14.5575,37.7393,66.8372,97.8365,128.4407,157.5266,184.6312,209.636,232.5935,253.6339,272.9171,290.6084,306.8658,321.8354,335.6492,348.425,360.2677,371.2699
Yellow birch,Taiga Plains,Yellow birch,0,0.0071,2.1661,14.5575,37.7393,66.8372,97.8365,128.4407,157.5266,184.6312,209.636,232.5935,253.6339,272.9171,290.6084,306.8658,321.8354,335.6492,348.425,360.2677,371.2699
White birch,Taiga Plains,White birch,0,0.0037,1.6222,12.3672,34.1467,62.8051,94.2813,126.0224,156.6623,185.557,212.4651,237.3587,260.3174,281.4701,300.9638,318.9471,335.5618,350.9392,365.1985,378.4473,390.7817
Cedar,Taiga Plains,Cedar,0,0.0,0.0,0.0,0.0004,0.0054,0.0314,0.1103,0.2827,0.5879,1.0561,1.7056,2.5429,3.5654,4.7634,6.1228,7.627,9.2584,10.9992,12.8325,14.7424
Black ash,Taiga Plains,Black ash,0,0.0071,2.1661,14.5575,37.7393,66.8372,97.8365,128.4407,157.5266,184.6312,209.636,232.5935,253.6339,272.9171,290.6084,306.8658,321.8354,335.6492,348.425,360.2677,371.2699
Tamarack,Taiga Plains,Tamarack,0,0.0071,2.1661,14.5575,37.7393,66.8372,97.8365,128.4407,157.5266,184.6312,209.636,232.5935,253.6339,272.9171,290.6084,306.8658,321.8354,335.6492,348.425,360.2677,371.2699
Western larch,Taiga Plains,Western larch,0,0.0071,2.1661,14.5575,37.7393,66.8372,97.8365,128.4407,157.5266,184.6312,209.636,232.5935,253.6339,272.9171,290.6084,306.8658,321.8354,335.6492,348.425,360.2677,371.2699
Norway spruce,Taiga Plains,Norway spruce,0,0.0001,0.1534,1.947,6.9356,14.8634,24.7063,35.5175,46.6304,57.6266,68.2631,78.4104,88.0097,97.0444,105.5232,113.4684,120.9097,127.8798,134.412,140.539,146.2917
Engelmann spruce,Taiga Plains,Engelmann spruce,0,0.0001,0.1534,1.947,6.9356,14.8634,24.7063,35.5175,46.6304,57.6266,68.2631,78.4104,88.0097,97.0444,105.5232,113.4684,120.9097,127.8798,134.412,140.539,146.2917
White spruce,Taiga Plains,White spruce,0,0.0001,0.1534,1.947,6.9356,14.8634,24.7063,35.5175,46.6304,57.6266,68.2631,78.4104,88.0097,97.0444,105.5232,113.4684,120.9097,127.8798,134.412,140.539,146.2917
Black spruce,Taiga Plains,Black spruce,0,0.0001,0.1534,1.947,6.9356,14.8634,24.7063,35.5175,46.6304,57.6266,68.2631,78.4104,88.0097,97.0444,105.5232,113.4684,120.9097,127.8798,134.412,140.539,146.2917
Red spruce,Taiga Plains,Red spruce,0,0.0001,0.1534,1.947,6.9356,14.8634,24.7063,35.5175,46.6304,57.6266,68.2631,78.4104,88.0097,97.0444,105.5232,113.4684,120.9097,127.8798,134.412,140.539,146.2917
Sitka spruce,Taiga Plains,Sitka spruce,0,0.0001,0.1534,1.947,6.9356,14.8634,24.7063,35.5175,46.6304,57.6266,68.2631,78.4104,88.0097,97.0444,105.5232,113.4684,120.9097,127.8798,134.412,140.539,146.2917
Whitebark pine,Taiga Plains,Whitebark pine,0,0.0,0.0792,1.1889,4.6074,10.3859,17.8555,26.2945,35.1506,44.0541,52.7752,61.1801,69.198,76.7979,83.973,90.7315,97.0899,103.0693,108.6928,113.9839,118.9658
Jack pine,Taiga Plains,Jack pine,0,0.0,0.0792,1.1889,4.6074,10.3859,17.8555,26.2945,35.1506,44.0541,52.7752,61.1801,69.198,76.7979,83.973,90.7315,97.0899,103.0693,108.6928,113.9839,118.9658
Lodgepole pine,Taiga Plains,Lodgepole pine,0,0.0,0.0792,1.1889,4.6074,10.3859,17.8555,26.2945,35.1506,44.0541,52.7752,61.1801,69.198,76.7979,83.973,90.7315,97.0899,103.0693,108.6928,113.9839,118.9658
Ponderosa pine,Taiga Plains,Ponderosa pine,0,0.0,0.0792,1.1889,4.6074,10.3859,17.8555,26.2945,35.1506,44.0541,52.7752,61.1801,69.198,76.7979,83.973,90.7315,97.0899,103.0693,108.6928,113.9839,118.9658
Red pine,Taiga Plains,Red pine,0,0.0,0.0792,1.1889,4.6074,10.3859,17.8555,26.2945,35.1506,44.0541,52.7752,61.1801,69.198,76.7979,83.973,90.7315,97.0899,103.0693,108.6928,113.9839,118.9658
Eastern white pine,Taiga Plains,Eastern white pine,0,0.0,0.0792,1.1889,4.6074,10.3859,17.8555,26.2945,35.1506,44.0541,52.7752,61.1801,69.198,76.7979,83.973,90.7315,97.0899,103.0693,108.6928,113.9839,118.9658
Balsam poplar,Taiga Plains,Balsam poplar,0,0.0037,1.6222,12.3672,34.1467,62.8051,94.2813,126.0224,156.6623,185.557,212.4651,237.3587,260.3174,281.4701,300.9638,318.9471,335.5618,350.9392,365.1985,378.4473,390.7817
Largetooth aspen,Taiga Plains,Largetooth aspen,0,0.0037,1.6222,12.3672,34.1467,62.8051,94.2813,126.0224,156.6623,185.557,212.4651,237.3587,260.3174,281.4701,300.9638,318.9471,335.5618,350.9392,365.1985,378.4473,390.7817
Trembling aspen,Taiga Plains,Trembling aspen,0,0.0037,1.6222,12.3672,34.1467,62.8051,94.2813,126.0224,156.6623,185.557,212.4651,237.3587,260.3174,281.4701,300.9638,318.9471,335.5618,350.9392,365.1985,378.4473,390.7817
Douglas-fir - Genus type,Taiga Plains,Douglas-fir - Genus type,0,0.0,0.0,0.0,0.0004,0.0054,0.0314,0.1103,0.2827,0.5879,1.0561,1.7056,2.5429,3.5654,4.7634,6.1228,7.627,9.2584,10.9992,12.8325,14.7424
Red oak,Taiga Plains,Red oak,0,0.0071,2.1661,14.5575,37.7393,66.8372,97.8365,128.4407,157.5266,184.6312,209.636,232.5935,253.6339,272.9171,290.6084,306.8658,321.8354,335.6492,348.425,360.2677,371.2699
Eastern white-cedar,Taiga Plains,Eastern white-cedar,0,0.0,0.0,0.0,0.0004,0.0054,0.0314,0.1103,0.2827,0.5879,1.0561,1.7056,2.5429,3.5654,4.7634,6.1228,7.627,9.2584,10.9992,12.8325,14.7424
Western redcedar,Taiga Plains,Western redcedar,0,0.0,0.0,0.0,0.0004,0.0054,0.0314,0.1103,0.2827,0.5879,1.0561,1.7056,2.5429,3.5654,4.7634,6.1228,7.627,9.2584,10.9992,12.8325,14.7424
Eastern hemlock,Taiga Plains,Eastern hemlock,0,0.0,0.0,0.0,0.0004,0.0054,0.0314,0.1103,0.2827,0.5879,1.0561,1.7056,2.5429,3.5654,4.7634,6.1228,7.627,9.2584,10.9992,12.8325,14.7424
Western hemlock,Taiga Plains,Western hemlock,0,0.0,0.0,0.0,0.0004,0.0054,0.0314,0.1103,0.2827,0.5879,1.0561,1.7056,2.5429,3.5654,4.7634,6.1228,7.627,9.2584,10.9992,12.8325,14.7424
Mountain hemlock,Taiga Plains,Mountain hemlock,0,0.0,0.0,0.0,0.0004,0.0054,0.0314,0.1103,0.2827,0.5879,1.0561,1.7056,2.5429,3.5654,4.7634,6.1228,7.627,9.2584,10.9992,12.8325,14.7424
White elm,Taiga Plains,White elm,0,0.0071,2.1661,14.5575,37.7393,66.8372,97.8365,128.4407,157.5266,184.6312,209.636,232.5935,253.6339,272.9171,290.6084,306.8658,321.8354,335.6492,348.425,360.2677,371.2699
Nope,Taiga Cordillera,Not stocked,0,0.0,0.0,0.0,0.0,0.0,0.0,0.0,0.0,0.0,0.0,0.0,0.0,0.0,0.0,0.0,0.0,0.0,0.0,0.0,0.0
Amabilis fir,Taiga Cordillera,Amabilis fir,0,0.0,0.0,0.0,0.0001,0.0018,0.0124,0.0488,0.1366,0.3041,0.5771,0.9746,1.5082,2.1824,2.9956,3.9418,5.0118,6.1949,7.479,8.852,10.302
Balsam fir,Taiga Cordillera,Balsam fir,0,0.0,0.0033,0.1286,0.7971,2.3819,4.9413,8.3218,12.3026,16.6744,21.2663,25.9493,30.6304,35.2452,39.7503,44.1179,48.3315,52.3824,56.2674,59.987,63.5444
Subalpine fir (or alpine fir),Taiga Cordillera,Subalpine fir (or alpine fir),0,0.0,0.0033,0.1286,0.7971,2.3819,4.9413,8.3218,12.3026,16.6744,21.2663,25.9493,30.6304,35.2452,39.7503,44.1179,48.3315,52.3824,56.2674,59.987,63.5444
Bigleaf maple,Taiga Cordillera,Bigleaf maple,0,0.0039,1.5766,11.6137,31.5207,57.3814,85.5501,113.7925,140.9396,166.4577,190.1606,212.0435,232.191,250.7271,267.7884,283.5113,298.0243,311.4455,323.8822,335.43,346.1747
Red maple,Taiga Cordillera,Red maple,0,0.0039,1.5766,11.6137,31.5207,57.3814,85.5501,113.7925,140.9396,166.4577,190.1606,212.0435,232.191,250.7271,267.7884,283.5113,298.0243,311.4455,323.8822,335.43,346.1747
Sugar maple,Taiga Cordillera,Sugar maple,0,0.0039,1.5766,11.6137,31.5207,57.3814,85.5501,113.7925,140.9396,166.4577,190.1606,212.0435,232.191,250.7271,267.7884,283.5113,298.0243,311.4455,323.8822,335.43,346.1747
Alder,Taiga Cordillera,Alder,0,0.0039,1.5766,11.6137,31.5207,57.3814,85.5501,113.7925,140.9396,166.4577,190.1606,212.0435,232.191,250.7271,267.7884,283.5113,298.0243,311.4455,323.8822,335.43,346.1747
Red alder,Taiga Cordillera,Red alder,0,0.0039,1.5766,11.6137,31.5207,57.3814,85.5501,113.7925,140.9396,166.4577,190.1606,212.0435,232.191,250.7271,267.7884,283.5113,298.0243,311.4455,323.8822,335.43,346.1747
Yellow birch,Taiga Cordillera,Yellow birch,0,0.0039,1.5766,11.6137,31.5207,57.3814,85.5501,113.7925,140.9396,166.4577,190.1606,212.0435,232.191,250.7271,267.7884,283.5113,298.0243,311.4455,323.8822,335.43,346.1747
White birch,Taiga Cordillera,White birch,0,0.0027,1.3777,11.0211,31.172,58.1685,88.1666,118.663,148.2771,176.3318,202.5517,226.8792,249.3698,270.133,289.3007,307.0095,323.3916,338.5709,352.6607,365.7637,377.9721
Cedar,Taiga Cordillera,Cedar,0,0.0,0.0,0.0,0.0001,0.0018,0.0124,0.0488,0.1366,0.3041,0.5771,0.9746,1.5082,2.1824,2.9956,3.9418,5.0118,6.1949,7.479,8.852,10.302
Black ash,Taiga Cordillera,Black ash,0,0.0039,1.5766,11.6137,31.5207,57.3814,85.5501,113.7925,140.9396,166.4577,190.1606,212.0435,232.191,250.7271,267.7884,283.5113,298.0243,311.4455,323.8822,335.43,346.1747
Tamarack,Taiga Cordillera,Tamarack,0,0.0039,1.5766,11.6137,31.5207,57.3814,85.5501,113.7925,140.9396,166.4577,190.1606,212.0435,232.191,250.7271,267.7884,283.5113,298.0243,311.4455,323.8822,335.43,346.1747
Western larch,Taiga Cordillera,Western larch,0,0.0039,1.5766,11.6137,31.5207,57.3814,85.5501,113.7925,140.9396,166.4577,190.1606,212.0435,232.191,250.7271,267.7884,283.5113,298.0243,311.4455,323.8822,335.43,346.1747
Norway spruce,Taiga Cordillera,Norway spruce,0,0.0,0.0403,0.7408,3.1742,7.5998,13.6014,20.6129,28.1551,35.8824,43.5654,51.06,58.2815,65.1842,71.7479,77.9687,83.8529,89.4125,94.663,99.6217,104.3062
Engelmann spruce,Taiga Cordillera,Engelmann spruce,0,0.0,0.0403,0.7408,3.1742,7.5998,13.6014,20.6129,28.1551,35.8824,43.5654,51.06,58.2815,65.1842,71.7479,77.9687,83.8529,89.4125,94.663,99.6217,104.3062
White spruce,Taiga Cordillera,White spruce,0,0.0,0.0403,0.7408,3.1742,7.5998,13.6014,20.6129,28.1551,35.8824,43.5654,51.06,58.2815,65.1842,71.7479,77.9687,83.8529,89.4125,94.663,99.6217,104.3062
Black spruce,Taiga Cordillera,Black spruce,0,0.0,0.0403,0.7408,3.1742,7.5998,13.6014,20.6129,28.1551,35.8824,43.5654,51.06,58.2815,65.1842,71.7479,77.9687,83.8529,89.4125,94.663,99.6217,104.3062
Red spruce,Taiga Cordillera,Red spruce,0,0.0,0.0403,0.7408,3.1742,7.5998,13.6014,20.6129,28.1551,35.8824,43.5654,51.06,58.2815,65.1842,71.7479,77.9687,83.8529,89.4125,94.663,99.6217,104.3062
Sitka spruce,Taiga Cordillera,Sitka spruce,0,0.0,0.0403,0.7408,3.1742,7.5998,13.6014,20.6129,28.1551,35.8824,43.5654,51.06,58.2815,65.1842,71.7479,77.9687,83.8529,89.4125,94.663,99.6217,104.3062
Whitebark pine,Taiga Cordillera,Whitebark pine,0,0.0,0.0415,0.7107,2.9405,6.8936,12.1655,18.2531,24.7451,31.3527,37.8882,44.2366,50.3323,56.1419,61.6523,66.8637,71.7837,76.4248,80.8014,84.9294,88.8246
Jack pine,Taiga Cordillera,Jack pine,0,0.0,0.0415,0.7107,2.9405,6.8936,12.1655,18.2531,24.7451,31.3527,37.8882,44.2366,50.3323,56.1419,61.6523,66.8637,71.7837,76.4248,80.8014,84.9294,88.8246
Lodgepole pine,Taiga Cordillera,Lodgepole pine,0,0.0,0.0415,0.7107,2.9405,6.8936,12.1655,18.2531,24.7451,31.3527,37.8882,44.2366,50.3323,56.1419,61.6523,66.8637,71.7837,76.4248,80.8014,84.9294,88.8246
Ponderosa pine,Taiga Cordillera,Ponderosa pine,0,0.0,0.0415,0.7107,2.9405,6.8936,12.1655,18.2531,24.7451,31.3527,37.8882,44.2366,50.3323,56.1419,61.6523,66.8637,71.7837,76.4248,80.8014,84.9294,88.8246
Red pine,Taiga Cordillera,Red pine,0,0.0,0.0415,0.7107,2.9405,6.8936,12.1655,18.2531,24.7451,31.3527,37.8882,44.2366,50.3323,56.1419,61.6523,66.8637,71.7837,76.4248,80.8014,84.9294,88.8246
Eastern white pine,Taiga Cordillera,Eastern white pine,0,0.0,0.0415,0.7107,2.9405,6.8936,12.1655,18.2531,24.7451,31.3527,37.8882,44.2366,50.3323,56.1419,61.6523,66.8637,71.7837,76.4248,80.8014,84.9294,88.8246
Balsam poplar,Taiga Cordillera,Balsam poplar,0,0.0027,1.3777,11.0211,31.172,58.1685,88.1666,118.663,148.2771,176.3318,202.5517,226.8792,249.3698,270.133,289.3007,307.0095,323.3916,338.5709,352.6607,365.7637,377.9721
Largetooth aspen,Taiga Cordillera,Largetooth aspen,0,0.0027,1.3777,11.0211,31.172,58.1685,88.1666,118.663,148.2771,176.3318,202.5517,226.8792,249.3698,270.133,289.3007,307.0095,323.3916,338.5709,352.6607,365.7637,377.9721
Trembling aspen,Taiga Cordillera,Trembling aspen,0,0.0027,1.3777,11.0211,31.172,58.1685,88.1666,118.663,148.2771,176.3318,202.5517,226.8792,249.3698,270.133,289.3007,307.0095,323.3916,338.5709,352.6607,365.7637,377.9721
Douglas-fir - Genus type,Taiga Cordillera,Douglas-fir - Genus type,0,0.0,0.0,0.0,0.0001,0.0018,0.0124,0.0488,0.1366,0.3041,0.5771,0.9746,1.5082,2.1824,2.9956,3.9418,5.0118,6.1949,7.479,8.852,10.302
Red oak,Taiga Cordillera,Red oak,0,0.0039,1.5766,11.6137,31.5207,57.3814,85.5501,113.7925,140.9396,166.4577,190.1606,212.0435,232.191,250.7271,267.7884,283.5113,298.0243,311.4455,323.8822,335.43,346.1747
Eastern white-cedar,Taiga Cordillera,Eastern white-cedar,0,0.0,0.0,0.0,0.0001,0.0018,0.0124,0.0488,0.1366,0.3041,0.5771,0.9746,1.5082,2.1824,2.9956,3.9418,5.0118,6.1949,7.479,8.852,10.302
Western redcedar,Taiga Cordillera,Western redcedar,0,0.0,0.0,0.0,0.0001,0.0018,0.0124,0.0488,0.1366,0.3041,0.5771,0.9746,1.5082,2.1824,2.9956,3.9418,5.0118,6.1949,7.479,8.852,10.302
Eastern hemlock,Taiga Cordillera,Eastern hemlock,0,0.0,0.0,0.0,0.0001,0.0018,0.0124,0.0488,0.1366,0.3041,0.5771,0.9746,1.5082,2.1824,2.9956,3.9418,5.0118,6.1949,7.479,8.852,10.302
Western hemlock,Taiga Cordillera,Western hemlock,0,0.0,0.0,0.0,0.0001,0.0018,0.0124,0.0488,0.1366,0.3041,0.5771,0.9746,1.5082,2.1824,2.9956,3.9418,5.0118,6.1949,7.479,8.852,10.302
Mountain hemlock,Taiga Cordillera,Mountain hemlock,0,0.0,0.0,0.0,0.0001,0.0018,0.0124,0.0488,0.1366,0.3041,0.5771,0.9746,1.5082,2.1824,2.9956,3.9418,5.0118,6.1949,7.479,8.852,10.302
White elm,Taiga Cordillera,White elm,0,0.0039,1.5766,11.6137,31.5207,57.3814,85.5501,113.7925,140.9396,166.4577,190.1606,212.0435,232.191,250.7271,267.7884,283.5113,298.0243,311.4455,323.8822,335.43,346.1747
